Student Name,Indicators of AI-generated Content,Likelihood of AI-generated Content
Ali Goldasteh,"Consistent formality, repetitive phrasing, superficial examples",Medium
Alaa Almasri,"Consistent formality, generic transitions, limited critical engagement",Medium
Fatou Bojang,"Repetitive phrasing, lack of specific examples, generic transitions",Medium
Faezeh Ghasemi,"Repetitive phrasing, consistent formality, limited critical engagement",Medium
Hatice Savoğlu,"Repetitive phrasing, consistent formality, generic transitions",Medium
Ibrahim Kurt,"Consistent formality, generic examples, limited critical engagement",Medium
Ismayil Nuriyev,"Repetitive phrasing, generic examples, limited critical engagement",Medium
Layan Alzanbarkji,"Repetitive phrasing, generic transitions, consistent formality",Medium
Ümit Karakoç,"Consistent formality, repetitive phrasing, predictable structure",Medium
